;"X194.29.150.131";"X148.81.140.194";"X130.83.244.179";"X134.76.81.91";"X141.24.33.162";"X132.227.62.20";"X192.43.193.71";"X131.246.112.38";"X129.187.143.120";"X129.187.143.60";"X145.99.179.146";"X130.104.72.201";"X193.55.112.41";"X139.19.142.3";"X155.223.52.3";"X192.138.213.238";"X129.10.120.194";"X128.8.126.78";"X128.4.36.46";"X128.112.139.18";"X129.105.15.38";"X129.97.74.14";"X72.36.112.79";"X130.49.221.41";"X208.117.131.116";"X129.107.35.131";"X198.133.224.149";"X128.208.1.234";"X132.239.17.224";"X206.12.16.155";"X128.223.8.111";"X206.117.37.6";"X143.107.111.235";"X198.248.246.19";"X198.248.245.102";"X198.248.244.101";"X202.249.37.67";"X200.0.206.202";"X203.178.133.10";"X122.1.115.91";"X202.244.160.251";"X202.112.28.100";"X134.75.238.112";"X195.116.60.98"
"X148.81.140.194";0.0020751857757572;NA;0.020182151794428;0.034008064270012;0.026294794082636;0.039019079208376;0.03118720054628;0.025082397460936;0.028299331665036;0.028228292465208;0.03553837537765;0.0368790328502583;0.067816219329844;0.0293393631776167;NA;0.11843917846684;0.11901084899904;0.11956575393672;0.11743955612184;0.1175951480866;0.1357820796966;0.13811731338504;0.13447760581972;0.12325243949896;0.15624416351312;0.15233201980588;0.13656570434568;0.18332809448244;0.18997273445136;0.17891035079952;0.20878659248336;0.19571208000192;0.27556902885428;0.27437720298764;0.28045256614696;0.28739818572996;0.298849029541;0.32031928062444;0.30695816993724;0.29576663970952;0.31082736015328;0.24065522193908;0.3048930835724;0.025100631713868
"X195.116.60.98";0.011530952453608;0.024925117492672;0.025774049758908;0.104717769622772;0.035047330856324;0.038412332534784;0.03837712287902;0.040623311996456;0.043707332611084;0.043752365112308;0.0448778371016208;0.0457672874132583;0.04972625732422;0.0453514158725708;NA;0.1159068965912;0.12105375289916;0.12172461509704;0.12443020820608;0.125151796341;0.13198961257944;0.13543452262892;0.14169140815728;0.14174817085252;0.17070622444152;0.16083107948296;0.17275734901432;0.19945430755624;0.20147464672725;0.20725037574764;0.2101918125152;0.20068337440492;0.26219633102412;0.28309656143188;0.28852387428296;0.29602914810176;0.29719186782836;0.2981357383728;0.299325119365227;0.31041640281676;0.330776355483364;0.55887355804448;0.60516550064092;NA
"X130.83.244.179";0.019912500381456;0.02008922576904;NA;0.0226711845398;0.0293369960785;0.022409257888792;0.020496921539316;0.034866943359376;0.037934608459476;0.037904596328732;0.016308873891825;0.0200225909551042;0.03976141929626;0.0390123128891083;NA;0.097325592041028;0.1197196483612;0.093234567642216;0.09902156829834;0.10119227409356;0.11708225250236;0.12244958877564;0.1191110897064;0.1014566421508;0.13665010452268;0.12708154678348;0.12257417678824;0.17285531044012;0.18310876846312;0.1576946163178;0.18400649070744;0.17261590003956;0.23018807411192;0.2491142940522;0.25798768997196;0.2647810840606;0.27201909065248;0.27847883224488;0.279033054004955;0.28915863990776;0.311243068604238;0.42890487670896;0.54709675788888;0.025835447311412
"X131.246.112.38";0.025013713836672;0.025131425857544;0.034903688430784;0.021361989974972;0.013516979217536;0.026584491729744;0.018710660934448;NA;0.0100856685638448;0.0100685501098736;0.0213712155818917;0.0243867337703667;0.092503175735472;0.00586278239885958;0.05662284851074;0.094556283950804;0.1065124416352;0.10719234466548;0.10468020439148;0.10523084640508;0.12319338798516;0.125696329843381;0.12205700874332;0.11077774047856;0.14369725227356;0.13989710807788;0.12409961700436;0.1976424121856;0.17737281799316;0.16640780448908;0.19625311851504;0.17598437309276;0.26308678627012;0.26193444252;0.26813057899476;0.27483441352844;0.28636502265932;0.30792365074152;0.29456696510312;0.28170806884756;0.29858737945556;0.23309561729428;0.28868266105652;0.040675363540636
"X141.24.33.162";0.026135778427124;0.026160554885868;0.029390611648556;0.014960107803352;NA;0.027682437896736;0.019731836318968;0.013588151931752;0.0095476913452148;0.0095000648498548;0.022770335276925;0.0254432062307958;0.0380286026001;0.0168635940429708;NA;0.096055011749268;0.10759105682368;0.108216123581;0.10579807281492;0.10625270843508;0.12443780899048;0.12696489334108;0.12298477172848;0.11177191734312;0.15206870079044;0.14087392807012;0.12529704093932;0.1717914772034;0.17829730987544;0.16746870040888;0.1972198581694;0.17596856117252;0.2641668319702;0.2630273342132;0.26919580459604;0.27601641654956;0.28730872154232;0.30902196884152;0.29567432403572;0.30018882751468;0.29965877532952;0.23424333572388;0.28971483230588;0.035078439712512
"X129.187.143.120";0.028069581985484;0.028180179595952;0.037838249206544;0.02443543434144;0.0094796657562264;0.029411849975588;0.021773157119748;0.0099952507019072;NA;0.001173210144042;0.024342278639475;0.027479161818825;0.040020999908456;0.0132227440675167;NA;0.09494846343994;0.10958459854124;0.11023321151736;0.10796251296992;0.1081896686554;0.1263497924806;0.128715133667;0.12496697425848;0.11391992568964;0.14681778907776;0.14292819023136;0.12723739624016;0.17383181571968;0.18034084320072;0.16948884963992;0.19927938461304;0.17777809143064;0.2661780166626;0.26491372108456;0.27103809356696;0.27796215057372;0.28945742607116;0.31099131584164;0.29760704994204;0.30742396354676;0.30180984497064;0.23620022773744;0.29334862709056;0.043710470199584
"X129.187.143.60";0.028089294433588;0.028177328109748;0.037828807830816;0.024301958084108;0.0093618679046628;0.029581985473628;0.021888484954828;0.0099831867218012;0.0012393093109132;NA;0.0245161155859625;0.0273817082246125;0.09826675415036;0.0129995147387042;0.059461421966552;0.097892074584956;0.10965838432312;0.110254764557;0.10776212692248;0.10821013450624;0.12631096839912;0.12884036064136;0.12504688262936;0.11380336761472;0.14662320137028;0.14292538642884;0.1273025703432;0.17383253097544;0.18039277076712;0.16946927070624;0.1991797828674;0.17787276268;0.2662154388428;0.26496461868292;0.27113134384156;0.27794671058656;0.2895054149628;0.31092801094052;0.29772609710692;0.28589020729076;0.30158081054704;0.23623915672312;0.2947896671296;0.043776826858516
"X192.43.193.71";0.0311090373993;0.031160898208616;0.02058797836304;0.027696819305416;0.019858436584468;0.016964445114128;NA;0.018787698745728;0.021906061172484;0.021816205978392;0.028611958026875;0.0306458671887625;0.027433204650884;0.0224381585915875;NA;0.12434655189504;0.12637627601632;0.11340015411376;0.11110763549816;0.11122094154348;0.12953516006468;0.13176053047184;0.12828276634216;0.11684020042424;0.15014556884768;0.1459665203094;0.13034949302668;0.17694094657892;0.1833871746062;0.1724704551696;0.2022634792328;0.18103352546692;0.26135515213024;0.26800488471984;0.27421447753912;0.28105107307436;0.292467288971;0.29854868888852;0.30074090003972;0.29939830780024;0.30574076652528;0.24439288139348;0.29624095916752;0.038359699249264
"X134.76.81.91";0.03377836227416;0.034038372039788;0.02259744644164;NA;0.015070772171024;0.035258741378784;0.027798919677736;0.021349143981932;0.024351854324348;0.024390449523932;0.0303391218185375;0.0331116716067;0.068336191177356;0.0244025786717667;NA;0.10333427429208;0.11542441368096;0.11595086097716;0.11364029884328;0.11401546478268;0.13214708328252;0.13466584205632;0.13069928169248;0.11952721595768;0.15265936851496;0.14875790596004;0.13302605628968;0.17968376159672;0.18626113891608;0.17526938438408;0.20489480018624;0.18499402999876;0.27185206413264;0.27074435234064;0.27697603225708;0.28369007110588;0.29529385566712;0.31680291175844;0.30466487884528;0.31938997268664;0.30737130165108;0.24206512451168;0.29747676849368;0.028445901870728
"X145.99.179.146";0.033885707855232;0.035697555541988;0.018816089630124;0.03393332481384;0.0276969770590458;0.028223428726192;0.029820709228512;0.022596254348756;0.025723648071284;0.027952327728264;NA;0.0195383032162917;0.056995191574104;0.0259795884291375;NA;0.104428748289763;0.103928155899;0.1059305286406;0.100877943038936;0.103513936996532;0.11831351280212;0.13259402275092;0.12153662681572;0.10504044532776;0.15316955566408;0.15067606925964;0.12194996833804;0.20567100524908;0.17476006507884;0.16321583747872;0.20640494346624;0.17452874183656;0.27237789154056;0.27346434593204;0.2778584003448;0.3081045913696;0.30056204795828;0.31897367477416;0.30557166099552;0.28453805923468;0.3560455703736;0.23572497367856;0.29730557441704;0.044336032867428
"X130.104.72.201";0.037097673416128;0.036653747558592;0.01881895065308;0.033244152069096;0.02565586090088;0.030328998565672;0.030506296157844;0.02452373504638;0.027458763122556;0.027499160766604;0.0195484360059042;NA;0.04099850654602;0.0282814304033917;NA;0.115412387847888;0.1043419265748;0.10714080810548;0.10305482864388;0.10348087310796;0.12836638450624;0.1236835670472;0.12969092369088;0.1117469406128;0.16925296783456;0.15179157257076;0.13176022529596;0.18108283042916;0.18216213226316;0.1643423080444;0.2081248760222;0.17968040466308;0.27967090606684;0.2736915111542;0.2803205108642;0.28661207199092;0.29903577804568;0.33055102348328;0.30709424018856;0.29482915878292;0.3341560935974;0.24281047821044;0.30058320999144;0.04658071517944
"X132.227.62.20";0.038851451873788;0.039136610031124;0.022497920989996;0.035497970581048;0.027753324508656;NA;0.01687067985534;0.026498775482176;0.029604921340948;0.029557476043696;0.0274252295494042;0.03019628922145;0.038268785476684;0.0299434264500958;NA;0.090727119445804;0.11221072196964;0.11486241340632;0.11069156646732;0.11096123695372;0.1330729866026;0.13134749412544;0.13452317237844;0.11961076736456;0.15706912040704;0.15386136055;0.13698086738592;0.18428056716916;0.18719320297236;0.17187243461608;0.20999023437508;0.1847009944916;0.26180517196664;0.27572206497188;0.28204362869264;0.28865942001336;0.30041360855096;0.29150496482856;0.30854059219356;0.29583784103392;0.31240736007684;0.23974107742308;0.30557117462164;0.038241577148444
"X139.19.142.3";0.052799015045176;0.034335355758672;0.038125629425044;0.026519966125492;0.0273666381836;0.029726848602296;0.022688789367672;0.0063377094268812;0.027903575897208;0.015962200164792;0.0772750377654842;0.0277838508288;0.064527282714852;NA;NA;0.09666996002198;0.11514829635624;0.12908232688904;0.10885282516476;0.10977478027348;0.13691909790044;0.13462149620052;0.1249754619598;0.11393882751464;0.160347382227667;0.14392162323;0.12836143493648;0.19662635803216;0.18500514984128;0.16955523490904;0.20072336196892;0.1914008235932;0.26996424674996;0.26546554565432;0.28318945884704;0.28664039611816;0.30564794540408;0.33084200859068;0.30441102027888;0.33780117988588;0.35255199432368;0.24137887954708;0.2936452579498;0.049874496459968
"X155.223.52.3";0.065538778305056;0.071716928482052;0.064222803115832;0.065721473693844;0.060690984725952;0.079903059005728;0.063603076934816;0.056521415710448;0.059608993530272;0.059524822235104;0.069096365234372;0.076853322982792;0.11482875823972;0.0983576178550583;NA;0.150664726893056;0.1857866287232;0.16530633926388;0.1485454082488;0.14904787063596;0.16957206726072;0.16956699371344;0.1971996212006;0.17606630325312;0.23863092422492;0.21781930923464;0.16798553466796;0.21482078552244;0.22137308120728;0.21017873764028;0.24016141891472;0.26133107185372;0.33944839477536;0.30579335212716;0.31195831298828;0.31886260032652;0.330697163291652;0.3889378929138;0.37345629692068;0.34548654556272;0.34619256973268;0.27690459251404;0.33551630973816;0.09882645606994
"X193.55.112.41";0.074788179397556;0.049812021255492;0.033336763381948;0.045943479537964;0.064618787765508;0.040906476974488;0.042765531539916;0.05430750846862;0.06532176971436;0.073821249008196;0.0455739001433167;0.0424269967608944;NA;0.0416748623053167;NA;0.2394116687774;0.13776673316944;0.12517469406132;0.12156097412112;0.122214603424;0.1547031116486;0.14224105834964;0.14552109718324;0.13489942550664;0.17773777961736;0.1646469116212;0.17350863456728;0.1946984863282;0.21181819915772;0.19422865867612;0.22058072090144;0.2269516468048;0.288149895875348;0.2866730308532;0.30708334922784;0.31882329940792;0.31065762519844;0.30259023666384;0.33038467407232;0.31770990371704;0.32310227394104;0.27030258178708;0.31612981796268;0.049701919555664
"X192.138.213.238";0.1160822486878;0.11837140083312;0.09751091003418;0.10888993263252;0.17289520263664;0.090532455444332;0.12395587921144;0.094998712539676;0.095196619033812;0.097872476577748;0.0968894163767542;0.0928366084893542;0.10317996025088;0.0956485867500292;NA;NA;0.022402257919304;0.017143745422372;0.01375218391418;0.02504913330078;0.02803575515746;0.024908428192144;0.029894971847532;0.022982501983644;0.056267280578616;0.049451541900624;0.032061996459972;0.095840969085684;0.091901836395264;0.090508317947396;0.091739158630376;0.086575031280516;0.153247843617957;0.17220643043516;0.17864715576172;0.18544415473932;0.29437013626092;0.2124837303162;0.199806410333261;0.20799037933356;0.205840220053917;0.3556002140046;0.45912849426252;0.11629043579104
"X128.4.36.46";0.1170302963256;0.11732775688168;0.098858041763308;0.11355434417716;0.10589602470388;0.11061152458188;0.11118597984312;0.10474792480468;0.10789484024036;0.10785254478452;0.100090056657713;0.102705101172167;0.1207457447052;0.108845402797042;NA;0.013487310409548;0.01046442985534;0.013178768157964;NA;0.0052455425262448;0.033907022476188;0.029667720794672;0.0355361366272;0.016144342422484;0.069834051132212;0.053441781997688;0.0377109336853;0.084140367507932;0.082924242019664;0.10956405639644;0.09077563285828;0.08021953582764;0.17497671127316;0.1754472064972;0.1817386245728;0.1886345005036;0.19493644714356;0.19910920143124;0.20305254936224;0.21951594352732;0.20693766593936;0.32483614921572;0.20235447883612;0.1246853733062
"X128.112.139.18";0.11754283905024;0.11758107185372;0.10103786468504;0.11411711692808;0.10633524894712;0.11060028076172;0.11129226684572;0.10530784606932;0.10835186958312;0.10831496238712;0.113448143005383;0.102864225705458;0.12225261688236;0.109507371982083;NA;0.022457237243656;0.010802602767952;0.0135745716095;0.0047822475433344;NA;0.033963127136228;0.03027379989624;0.03565686225892;0.016498928070064;0.064344215393068;0.053808317184444;0.03812252044678;0.084724073410028;0.083185625076292;0.10976364135736;0.09090722084046;0.083877630233772;0.17523719787592;0.17585824966432;0.18193198204044;0.18881007194508;0.19531500816352;0.1995124912262;0.2033714771272;0.21742091178896;0.22206426620496;0.32509958267208;0.20399944305436;0.12538742065432
"X129.10.120.194";0.11885787963856;0.11901172637944;0.11971220970156;0.11535402297972;0.10777621269224;0.112350145975762;0.11269713401792;0.10652230262768;0.1096067905426;0.10964198112496;0.104337910811125;0.105050871769542;0.12279637336728;0.109791914621917;NA;0.022202558517464;NA;0.01543385505676;0.010542955398568;0.010792493820188;0.02606260299682;0.03318336486816;0.027943477630624;0.01785217285156;0.05172541618348;0.045757684707632;0.029948616027824;0.076590776443472;0.084207553863528;0.10190325737;0.082785234451288;0.08218454360962;0.17665904045108;0.16777261734008;0.17386569023128;0.18076292037964;0.19650918960564;0.20080491065972;0.204818628051045;0.20607486724848;0.20833423614504;0.3315929698944;0.19757366180424;0.1210608673096
"X128.8.126.78";0.11942718505864;0.11953879356392;0.093105630874632;0.11595949172964;0.1083025455474;0.11483934402468;0.11336659431456;0.10712886810292;0.1101941776276;0.1101961612702;0.104042043288542;0.107117255528875;0.12634747505184;0.111929019292292;NA;0.016973905563356;0.014939327239992;NA;0.013173255920416;0.013475179672244;0.022945814132688;0.039655818939204;0.024520130157468;0.01078322410584;NA;0.04244013786316;0.026652545928952;0.073396921157844;0.077431373596192;0.10061176300044;0.098839063644408;0.075975770950316;0.17522099494928;0.16455039024352;0.17067691802976;0.17756327629084;0.1888777542114;0.19830321311952;0.19719337463384;0.18768421173104;0.20085132598876;0.31887914657596;0.19294561386104;0.12197943687444
"X130.49.221.41";0.12307382583612;0.12314159393308;0.10136700630188;0.1196695041658;0.1118993663788;0.11957773208612;0.11668124198912;0.11078767776492;0.11366168975832;0.11374032974244;0.103164662917583;0.112022280693042;0.12993873596188;0.114219963550625;NA;0.023442058563228;0.017805280685424;0.010799379348756;0.016064186096188;0.016366882324208;0.022091388702392;0.03881701469422;0.023643074035644;NA;0.04792375564576;0.04669892311096;0.022104415893548;0.073435230255116;0.073259458541876;0.096241035461424;0.10172222137448;0.07085881233216;0.19565146446212;0.16734974861144;0.17348415374748;0.18041528701776;0.18552051544196;0.20618026733404;0.1935386753082;0.20999499320988;0.19746110916144;0.29798233985904;0.18908473014828;0.14200529098512
"X72.36.112.79";0.13433417320252;0.13443560600292;0.11922504425044;0.13092811584476;0.12310650825484;0.1345994853974;0.12821390151984;0.12203970909116;0.12501518249508;0.12509646415712;0.1170555782318;0.12970040321348;0.14528389930728;0.125459214051667;NA;0.03019605636596;0.028083581924436;0.024707956314088;0.035675611495976;0.035905237197884;0.0066308975219732;0.021736612319948;NA;0.023568763732912;0.0324997138977;0.026698522567744;0.01062753677368;0.058436431884756;0.065325717926012;0.070412969589232;0.063596830368048;0.061366014480596;0.18751081466676;0.14859627723684;0.15463928222652;0.16150434494008;0.1772815990448;0.21269349098204;0.18573852539072;0.18070142745968;0.18912979125968;0.30311491966252;0.17681677818304;0.14189538955688
"X129.105.15.38";0.13539120674144;0.13574371337884;0.11712020874016;0.13208869934088;0.124458692290545;0.13344255447388;0.12942843437184;0.12363055229192;0.12632140159604;0.12625202178956;0.11613151550292;0.12820763587952;0.16034230232236;0.12687160571425;NA;0.027852563858032;0.026169490814208;0.022948293685912;0.03397144317628;0.034306411743164;NA;0.0197195148468;0.0064955615997312;0.022062673568724;0.030461359024056;0.024693946838384;0.0088245964050284;0.057712163925168;0.061762838363648;0.055893669128424;0.061940679550168;0.057898206710808;0.18597459793096;0.146688063939375;0.15327512741092;0.159842672348;0.1739790153504;0.21442436218276;0.1821566295624;0.18979924201972;0.18622951507572;0.29896842956544;0.17630178451536;0.13226548194884
"X198.133.224.149";0.13641089439392;0.13650302886964;0.12257893562316;0.13302268028252;0.12518487930304;0.1370723628998;0.13031629562384;0.1240777111054;0.1271957302094;0.12727608680732;0.118822495142625;0.131739725669167;0.14711840629568;0.127487371365167;NA;0.03191264152528;0.0300024986267;0.026621017456048;0.037511739730832;0.037924814224244;0.0088499736785876;0.024058227539064;0.010514898300176;0.022050628662112;0.03459230422974;0.028569507598876;NA;0.060479946136468;0.06721601486206;0.082529401779164;0.065520467758168;0.063087873458856;0.18974115371704;0.15068742752076;0.15676310539248;0.16366647720332;0.17925178527832;0.2145285320282;0.18746195793148;0.18969639778132;0.19112677574152;0.29560810089112;0.1789591693878;0.17269909858696
"X129.97.74.14";0.138148059845;0.13820261001592;0.122547416687;0.1346540737152;0.12690736770628;0.13145610809316;0.1318742752076;0.12555130004884;0.12878945350652;0.12884783744808;0.120596458514542;0.123627245426125;0.17513576507564;0.129367162783958;NA;0.024585981369016;0.03332253456116;0.03988165855408;0.029658355712884;0.030079765319828;0.019811420440676;NA;0.021526460647592;0.0388870716095;0.045602665711192;0.045013236999512;0.024039859771732;0.063763046264644;0.09325795173644;0.060580358505252;0.091261692047132;0.099244575500492;0.1640979576112;0.17599306106568;0.18231323242188;0.18906743049624;0.2004665756226;0.2119321727754;0.20848309516904;0.20675005912768;0.21236060142524;0.30307351112368;0.18947772026068;0.13560950279236
"X129.107.35.131";0.15219592094416;0.15232762336732;0.12701847076412;0.14873087883;0.14110778808588;0.15387110710148;0.146132042010667;0.13981509208676;0.14291381835932;0.14289274215704;0.149216324091042;0.151947438716792;0.17383047103884;0.143459320068375;NA;0.049329442977904;0.04566724777222;0.042506523132328;0.053386812210088;0.053603763580328;0.02477462768554;0.044680910110484;0.02638089179992;0.04678608894348;0.0093567180633552;NA;0.028508920669552;0.054094686508184;0.042772426605224;0.074396829605104;0.068507509231564;0.039183998107912;0.18809129714968;0.14529265403752;0.151346244812;0.15823614120484;0.1650935935974;0.23008599281308;0.17319302558904;0.175726751486458;0.17676100730888;0.29492155075068;0.19610870361332;0.16089297294616
"X208.117.131.116";0.15587723731996;0.16346302986148;0.12603425025936;0.1525100803376;0.15385074615476;0.15654223442072;0.16143000602724;0.1505035686494;0.16391660690312;0.14828362464908;0.164872517188417;0.159119606018042;0.18540143013;0.152589380741083;NA;0.051073389053352;0.086110305786132;NA;0.054774312973016;0.067910509109492;0.0503563976288;0.045492877960208;0.032223949432376;0.047624979019168;NA;0.0254647541046132;0.034727058410644;0.06446112632752;0.058769226074208;0.09549036025998;0.082207393646248;0.067414274215704;0.21147141456604;0.15541431427;0.1855916595458;0.16411567687988;0.15713087081904;0.24430044174192;0.19036140441896;0.16023596763604;0.16381078720084;0.28169080734256;0.2006345653534;0.15677146911612
"X206.12.16.155";0.17873500823972;0.17895486831676;0.15769718170164;0.17523274421692;0.16749157905584;0.1724373722076;0.17254161834712;0.16639396667492;0.16945298194888;0.1694794559478;0.16108687400824;0.16434318542476;0.18260024070732;0.169913381338083;NA;0.090351190567004;0.10184380531304;0.10056601524352;0.10950037956244;0.11007298469548;0.05583855628968;0.0604294872284;0.070098333358752;0.096101884841916;0.0855398757942;0.074460048675532;0.082469320297236;0.028102445602408;0.057316188812252;NA;0.034467172622684;0.054977340698236;0.22443916320816;0.193394889434208;0.19952936172484;0.20641340255748;0.16819997787472;0.25832099914552;0.17635237693784;0.1363926887512;0.18017451286316;0.27836735725404;0.14625035285944;0.20732921600344
"X128.208.1.234";0.1830592441558;0.18324696540828;0.17284397125248;0.17953419685364;0.17187143325812;0.18460681915296;0.17686893463136;0.17543373107912;0.17380771636964;0.1738404083252;0.177297254403417;0.179518808921167;0.19462863922128;0.181034306685083;NA;0.096219911575316;0.076590862274168;0.073401012420656;0.084158668518056;0.084529333114624;0.0578475189209;0.063736400604248;0.058545093536372;0.073415336608884;0.071892518997196;0.054151430130004;0.0605247331702174;NA;0.032139368057256;0.028094787597652;0.0092713165283192;0.038755054473884;0.26043729782104;0.17614074707028;0.18233763694768;0.18913563728336;0.14414792060852;0.2954764652252;0.15281002044676;0.10719497680664;0.19672296524044;0.27932685852048;0.1209531497956;0.1994589996338
"X132.239.17.224";0.18990001678464;0.18980545997624;0.18317482948304;0.18585980415344;0.17839624404904;0.18676870346072;0.1834606838226;0.17724383354188;0.18050020217892;0.18039356231684;0.173029333352958;0.182257562875792;0.21390163421616;0.180812358856208;NA;0.091495046615604;0.084209566116332;0.077462577819824;0.0826688194275;0.083174276351932;0.061932229995728;0.093186016082772;0.065137109756468;0.073385887145988;0.04358953475952;0.042621679306032;0.067201633453376;0.032105550765988;NA;0.057295722961416;0.03059740066528;0.0058528709411624;0.2493153858184;0.18390439987176;0.19013456344612;0.19693576812744;0.1205229377746;0.28348408699024;0.12874924659724;0.15104907989496;0.13239658355704;0.25073911666876;0.150463848114;0.20150706291196
"X206.117.37.6";0.19428393363956;0.18725494384776;0.17354825973512;0.18383269309996;0.17577887535092;0.18458547592164;0.18098660469068;0.17468763351456;0.17783214569092;0.17781848907484;0.162272135416625;0.180670311053542;0.20122986793512;0.199270794788958;NA;0.092451572418196;0.081880397796628;0.075497112274164;0.080262403488164;0.080748167037964;0.058914356231692;0.097069721221968;0.061130256652824;0.076173381805424;0.040537805557248;0.039127750396728;0.063171463012696;0.029679336547848;0.0054351997375488;0.055026502609248;0.027772035598736;NA;0.2468474388124;0.177675326665167;0.1862910842896;0.19066529273988;0.22969741821304;0.28222139358504;0.23598691940308;0.12324816703792;0.24755697250356;0.360427131653;0.14842167854304;0.21865158081064
"X128.223.8.111";0.208460855484;0.20852488517772;0.18394240379344;0.20513129234324;0.19737266540524;0.21009530067452;0.2022801208496;0.19617249488844;0.1993290519714;0.19922252655028;0.205513805151083;0.20809763908228;0.22043479919432;0.201304246981917;NA;0.09151903152466;0.082755231857292;0.09863052368164;0.0904794025421;0.0907152349298727;0.06208985328674;0.091312084197992;0.06363925933838;0.10149187088012;0.095245466232316;0.068445806503288;0.065717916488648;0.0094581699371344;0.03061266899108;0.034563264846808;NA;0.02792346954346;0.23336927413936;0.18234284400932;0.1887051582336;0.1954246902466;0.14291834831244;0.30262907981872;0.15085567474364;0.13821111679076;0.154961849513789;0.27764739036568;0.12729371070868;0.21028504371628
"X202.112.28.100";0.24045941352836;0.24051346778876;0.43357416152964;0.2417697048188;0.23430571556088;0.23974918365484;0.24441272735592;0.23312358856192;0.23621533393848;0.23611085891724;0.234782665967833;0.242008090019167;0.29194205284116;0.236857662598292;0.27673699378964;0.36042432785036;0.33159728050236;0.31894382476796;0.32500395774848;0.32530922889708;0.2988976573944;0.3021662902832;0.30241290092476;0.29821324348452;0.28181453704824;0.29495381355284;0.29574460983276;0.27954185485832;0.25040919303892;0.278445186615;0.27748216629032;0.3687279129028;0.45624756813048;0.4261692905426;0.4321048355102;0.43889640808108;0.13529309272772;0.51648182868956;0.14302433967588;0.33820208549492;0.14192634582528;NA;0.33525040626516;0.56109418869012
"X198.248.246.19";0.27425313949584;0.27431986808776;0.24916479110732;0.27069425582884;0.26295527458184;0.27572965621952;0.26809878349304;0.26185655593875;0.26492217063904;0.26491353034976;0.271249939997875;0.273734052976042;0.30192088127144;0.266077707211125;NA;0.172162027359;0.16773319244384;0.16452071189876;0.17543074607852;0.17559760093692;0.146908620993333;0.17606743812564;0.14848530769344;0.16728637695316;0.15735740661616;0.14533142089832;0.1506851863862;0.1761200428009;0.18391827583324;0.19335698127744;0.18246416091916;0.182442625363625;0.31522730827328;NA;0.2709967136382;0.27816988945012;0.2958780574798;0.3523227500916;0.3048732185364;0.285723991394;0.308231601715;0.42586885452276;0.31824995994572;0.2831871891022
"X143.107.111.235";0.2755033493042;0.27562230110156;0.22992393493656;0.27194035530084;0.2642494010926;0.26185997009276;0.26148161888124;0.26306529045108;0.26615322113032;0.26614531517028;0.272018541892417;0.275113493204042;0.27340429306032;0.265738894542125;NA;0.15371828079224;0.17669761657708;0.17533247947696;0.1749698352814;0.17527018547048;0.18596742630012;0.164036064148;0.18759250640872;0.19590202331544;0.19926497459412;0.18824389457704;0.18981715202328;0.26044426918036;0.24918751716608;0.224471578598;0.2333690357208;0.24773064613336;NA;0.31538601875308;0.32148869514472;0.32819176673892;0.3238029956818;0.17428696632388;0.33187449455256;0.291778842608042;0.33577459335328;0.4563118839264;0.35695931434632;0.26226610183716
"X198.248.245.102";0.2805203819274;0.28052321434028;0.25801145553592;0.27705676078796;0.26928819656368;0.28208432197576;0.27417025566104;0.26816803932188;0.27115670204156;0.27123195648204;0.280394077301;0.281923353672;0.29244319915772;0.271980553865542;NA;0.2039405155182;0.17394825935368;0.17087904930116;0.18180812835688;0.18198293685908;0.15295582771304;0.18217293739324;0.15490533828728;0.173555688424545;0.16959107398984;0.15155502319344;0.15688624382016;0.18268989562992;0.19029192924496;0.1994809150696;0.18856198310856;0.1840609645844;0.32157930374152;0.27112650871256;NA;0.28409428596484;0.30318467140188;0.358465526414913;0.31044007301332;0.31508717536924;0.31436662673944;0.4321693992614;0.32139136314392;0.28835641020912
"X198.248.244.101";0.28726074218756;0.28733106613152;0.264812555313;0.28378639221188;0.27597723960884;0.28889808654784;0.28102115631104;0.27486568450924;0.2779755210876;0.27796255111692;0.28450750311225;0.286818236112542;0.2990252113342;0.279105290122652;NA;0.18519770622252;0.18072503089908;0.17756752967836;0.18836409568788;0.1889117527008;0.1597776031494;0.18906729698192;0.1615437698364;0.18036470413212;0.16413419723516;0.15829278945932;0.163671321869;0.18916650772092;0.19695052146908;0.2064227867126;0.19546319007872;0.19078132629392;0.3282543182374;0.2779375648498;0.28404961586;NA;0.30912627220152;0.36541236877444;0.31722860336304;0.32549336433412;0.32102294921876;0.43889797210696;0.32968133926396;0.29610864639284
"X202.249.37.67";0.2986105442048;0.29888479232776;0.2718447494506;0.29501261711124;0.28737865448;0.30036248207092;0.29259016037;0.28635751724244;0.2893120479584;0.28926172256472;0.301820348104125;0.298316687345458;0.32714384078976;0.290139943361375;0.329705953598;0.20211192131036;0.19654328346248;0.1892069625854;0.19502098083496;0.1953340148926;0.17411757469168;0.20026972770692;0.17733748435976;0.18541259765616;0.15469827651972;0.164849357605;0.1792789745332;0.1455766773224;0.1205781555176;0.16808757781988;0.1426673316956;0.22796548843388;0.32357021331788;0.2958121490478;0.30220722198476;0.30897474288944;NA;0.39188963890076;0.012949085235592;0.0082078647613536;0.01661275863648;0.13486576080324;0.3003161430358;0.29742334365844
"X134.75.238.112";0.30403703689576;0.30405841827396;0.54634028434764;0.29758211135868;0.28981507301328;0.30543947219848;0.2963020706176;0.28869039535516;0.29341691970812;0.29479104042056;0.297782431046167;0.300396899382292;0.3299888515472;0.295093297958583;NA;0.45950196266168;0.19748090744024;0.19293485641484;0.20258346557608;0.20398237228384;0.17637434959404;0.1894783306122;0.17676408767704;0.18898895263668;0.20092737197884;0.19613010406496;0.17911423683168;0.12096634864812;0.15063140869144;0.14629305839536;0.12737562179568;0.14847152709968;0.35703098297124;0.3181799316406;0.32138360977164;0.3297321033478;0.30017201423648;0.3821317195892;0.30827654838568;0.37449784278864;0.31215419769276;0.33540195465088;NA;0.60468366850168
"X203.178.133.10";0.30693564414976;0.30698738098136;0.27876779556272;0.30369770050048;0.29564530372612;0.30857882499692;0.30069705963132;0.29456932067872;0.29753459930432;0.29760251998892;0.329501638809917;0.314880390961917;0.31893313407892;0.35491744677225;NA;0.199902740391909;0.20475350379948;0.19723613739004;0.20304871559144;0.20336750984192;0.18216523170464;0.20831706047064;0.18572186470036;0.19355001449572;0.18801201820376;0.1733281707764;0.18762727737424;0.1526762104034;0.12891516685484;0.17640328407296;0.15066105842592;0.23600831985468;0.33191917419432;0.30428222656252;0.31039018630984;0.31719623565672;0.013043260574344;0.40504608154292;NA;0.016056537628168;0.007286748886108;0.14312377929688;0.30855496406556;0.299066553945217
"X202.244.160.251";0.31051966667184;0.31077910423284;0.310487928844619;0.30704294204712;0.29955036163324;0.31231829643252;0.30945250511176;0.29822299957276;0.30164326667788;0.30177294731136;0.351797024409;0.333281358083125;0.37548087120052;0.30597996711725;NA;0.206518948078167;0.20856929779056;0.20079071998584;0.20658678054816;0.2074082946778;0.18600745201116;0.21235216140756;0.1896172142028;0.19752193450924;0.1918625354766;0.17695537567152;0.191385011673;0.16060845375056;0.13288518905644;0.18006178855888;0.15476574897764;0.23957979202268;0.3357025909424;0.30806563377388;0.314452972412;0.32096755981444;0.016560239791872;0.41492126464848;0.0074612236022948;0.019791784286492;NA;0.14242653846736;0.31232562065128;0.328947284947217
"X122.1.115.91";0.31214009284976;0.29580714225756;0.29113092422484;0.32182262420656;0.30635825157172;0.295764579773;0.29899359703064;0.29435310363764;0.31511153221136;0.2937132453918;0.290223906437625;0.2968191242218;0.30313590049744;0.329226861397375;NA;0.20798928260804;0.20639626502992;0.18760467529308;0.21917164802544;0.21775679588312;0.18999977111808;0.2069083595276;0.18057586669928;0.2095385742188;0.15989057540884;0.17723134040828;0.18966571807856;0.11086127281184;0.15106043815608;0.13433113098148;0.13773360252384;0.12640801429752;0.291652798652667;0.28530633926388;0.31568935394292;0.3250749588012;0.0085219192504884;0.36527129173288;0.0158308315277;NA;0.020050125122072;0.33730047225952;0.37602658271792;0.3221995735168
"X200.0.206.202";0.32056961059576;0.32046818733208;0.27849234580988;0.31683268547052;0.30915169715884;0.291563720703;0.29856389045716;0.32700755119336;0.31118726730352;0.31084755897528;0.349498252073917;0.326570669809958;0.30305541038508;0.385415971279083;NA;0.21265279769896;0.20086437225344;0.19826725959784;0.19914847373964;0.19932146072384;0.2147802066804;0.212115719914438;0.2127822971344;0.2063635921478;0.25042627334588;0.23024890899656;0.21455871582036;0.32848242759712;0.28326724052432;0.25846198081968;0.30188945770256;0.29382511138912;0.17454024314892;0.35218651771552;0.36946230888368;0.36529421806336;0.39359724044804;NA;0.400163650512708;0.36540410995488;0.40595539093016;0.51666944503788;0.38208324432388;0.29823565483084
"X194.29.150.131";NA;0.002005252838134;0.020333757400508;0.033611249923712;0.026110115051272;0.038855752944952;0.031104269027708;0.024934892654424;0.028141069412236;0.0280255873998042;0.0337227185567125;0.0368823607762667;0.04965538024904;0.0295616686344125;NA;0.11535484313968;0.11888243675228;0.11943153381352;0.11708214759832;0.1175856494904;0.13560653686516;0.13816499710084;0.13434327125552;0.123188867569;0.15605666160588;0.15227226257324;0.136496454477333;0.183169298172;0.1899695682526;0.17869908332836;0.20845706939696;0.19027691841128;0.27555198669432;0.2741974544526;0.28043930053708;0.28719644546496;0.2986264705658;0.3207891464234;0.30699772834776;0.2994918823244;0.31096608161924;0.2403083992004;0.3046546554566;0.011557493209832
